{"cameraMode":{"drawMode":0,"name":"Shaded","section":"Shading Mode"},"sceneLighting":true,"audioPlay":false,"sceneViewState":{"m_AlwaysRefresh":false,"showFog":true,"showSkybox":true,"showFlares":true,"showImageEffects":true,"showParticleSystems":true,"showVisualEffectGraphs":true,"m_FxEnabled":true},"in2DMode":false,"pivot":{"x":2.890000104904175,"y":1.1599998474121094,"z":24.389999389648439},"rotation":{"x":0.38257545232772829,"y":-0.5216240882873535,"z":0.2815878391265869,"w":0.7086998820304871},"size":1.8421220779418946,"orthographic":true}